{
  "config": {
    "model": "unsloth/Llama-3.2-1B",
    "dtype": "float16",
    "batch_size": 1,
    "dataset_size": 24,
    "disc_examples": 12,
    "ig_steps": 4,
    "sparsity": 0.15,
    "n_random": 10,
    "seeds": [
      13,
      17,
      23
    ]
  },
  "circuits": {
    "13": [
      0,
      8
    ],
    "17": [
      8,
      14
    ],
    "23": [
      0,
      8
    ]
  },
  "avg_faith": 0.8305778876025353,
  "avg_rand_faith": 0.3929545652329601,
  "gap": 0.4376233223695752,
  "stability": 0.5555555555555556,
  "robustness": {
    "mild": 0.8210789170007715,
    "strong": 0.8290024091660779
  },
  "time_s": 806.7962911128998,
  "peak_mb": 394.6875,
  "per_seed": [
    {
      "seed": 13,
      "circuit": [
        0,
        8
      ],
      "scores": [
        9.945320723112673,
        0.0238081649877131,
        3.4047380989262215,
        2.699407995096408,
        1.2602718444541097,
        7.1773523410859825,
        0.5888770829575757,
        3.084891306158776,
        12.890629906517765,
        4.2276586561153335,
        -3.8166835367058716,
        4.592318459103505,
        -2.535470127593726,
        0.922206016878287,
        4.676485300064087,
        -4.307478164633115
      ],
      "clean": 5.916341145833333,
      "corrupt": -5.0390625,
      "patched": 4.981770833333333,
      "faith": 0.9146932096835722,
      "rand_faiths": [
        0.4984103397619621,
        1.0890506601261138,
        0.07645223585355485,
        0.3339176939456856,
        0.28578220149222316,
        0.08700044561959133,
        0.04085574205154987,
        0.08700044561959133,
        0.0576437378763686,
        0.9146932096835722
      ],
      "rand_layers": [
        [
          8,
          15
        ],
        [
          9,
          14
        ],
        [
          7,
          12
        ],
        [
          7,
          11
        ],
        [
          8,
          12
        ],
        [
          2,
          3
        ],
        [
          1,
          12
        ],
        [
          2,
          3
        ],
        [
          3,
          4
        ],
        [
          0,
          8
        ]
      ],
      "rand_avg": 0.3470806712030213,
      "robustness": {
        "mild": {
          "faith": 0.9207296940116768,
          "clean": 5.667643229166667,
          "corrupt": -5.181640625,
          "patched": 4.8076171875
        },
        "strong": {
          "faith": 0.9507944027386647,
          "clean": 5.667643229166667,
          "corrupt": -5.314127604166667,
          "patched": 5.127278645833333
        }
      },
      "disc_time": 237.98430585861206
    },
    {
      "seed": 17,
      "circuit": [
        8,
        14
      ],
      "scores": [
        8.002832734181235,
        -1.3759575088818867,
        -0.7524146636327108,
        0.4499939891199271,
        0.9041410115702698,
        0.754212788461397,
        2.0614627487957478,
        0.6729487292468548,
        9.148238060530275,
        6.224935869375865,
        0.23028138497223458,
        2.722042332092921,
        1.6641933789166312,
        0.8941755338261524,
        10.351434715092182,
        4.7237793157498045
      ],
      "clean": 5.338541666666667,
      "corrupt": -5.016276041666667,
      "patched": 1.7425130208333333,
      "faith": 0.6527192700392475,
      "rand_faiths": [
        0.3276956928617789,
        0.016598553897833775,
        0.38843131053339797,
        0.9855391376838804,
        0.953945299298799,
        0.061867337255562246,
        0.27815152440915386,
        1.2052184835893016,
        0.382835585923901,
        0.4492926748254551
      ],
      "rand_layers": [
        [
          3,
          11
        ],
        [
          3,
          6
        ],
        [
          11,
          13
        ],
        [
          0,
          2
        ],
        [
          0,
          4
        ],
        [
          4,
          7
        ],
        [
          12,
          15
        ],
        [
          0,
          15
        ],
        [
          8,
          10
        ],
        [
          7,
          14
        ]
      ],
      "rand_avg": 0.5049575600279064,
      "robustness": {
        "mild": {
          "faith": 0.6152372115932595,
          "clean": 5.3857421875,
          "corrupt": -5.146484375,
          "patched": 1.3333333333333333
        },
        "strong": {
          "faith": 0.5719752453714287,
          "clean": 5.3857421875,
          "corrupt": -5.502604166666667,
          "patched": 0.7252604166666666
        }
      },
      "disc_time": 271.4246881008148
    },
    {
      "seed": 23,
      "circuit": [
        0,
        8
      ],
      "scores": [
        12.57886497490108,
        1.1736915238046397,
        0.4096150273301949,
        -0.7748951727213959,
        3.1135976548539475,
        4.390191240236163,
        1.2469416409730911,
        5.161670992383733,
        10.833018578278521,
        9.934702140589556,
        -1.1461750852564971,
        1.8457856501142185,
        -2.453014080102245,
        -6.447531609718378,
        2.318940818309784,
        5.512202754616737
      ],
      "clean": 5.379557291666667,
      "corrupt": -5.266276041666667,
      "patched": 4.573893229166667,
      "faith": 0.9243211830847863,
      "rand_faiths": [
        0.21725171212469505,
        0.36362524427682946,
        0.4118456454057027,
        0.6648727978099042,
        0.6282411931476403,
        0.32436399186752496,
        0.07525073378450034,
        0.12597847346287736,
        -0.04812866923072056,
        0.504953522030572
      ],
      "rand_layers": [
        [
          5,
          15
        ],
        [
          11,
          13
        ],
        [
          5,
          8
        ],
        [
          8,
          14
        ],
        [
          6,
          9
        ],
        [
          8,
          12
        ],
        [
          4,
          7
        ],
        [
          3,
          5
        ],
        [
          2,
          6
        ],
        [
          8,
          15
        ]
      ],
      "rand_avg": 0.3268254644679526,
      "robustness": {
        "mild": {
          "faith": 0.9272698453973781,
          "clean": 5.333333333333333,
          "corrupt": -4.9384765625,
          "patched": 4.586263020833333
        },
        "strong": {
          "faith": 0.9642375793881405,
          "clean": 5.333333333333333,
          "corrupt": -5.052408854166667,
          "patched": 4.9619140625
        }
      },
      "disc_time": 297.1492419242859
    }
  ]
}