{
  "seed": 17,
  "circuit": [
    8,
    14
  ],
  "scores": [
    8.002832734181235,
    -1.3759575088818867,
    -0.7524146636327108,
    0.4499939891199271,
    0.9041410115702698,
    0.754212788461397,
    2.0614627487957478,
    0.6729487292468548,
    9.148238060530275,
    6.224935869375865,
    0.23028138497223458,
    2.722042332092921,
    1.6641933789166312,
    0.8941755338261524,
    10.351434715092182,
    4.7237793157498045
  ],
  "clean": 5.338541666666667,
  "corrupt": -5.016276041666667,
  "patched": 1.7425130208333333,
  "faith": 0.6527192700392475,
  "rand_faiths": [
    0.3276956928617789,
    0.016598553897833775,
    0.38843131053339797,
    0.9855391376838804,
    0.953945299298799,
    0.061867337255562246,
    0.27815152440915386,
    1.2052184835893016,
    0.382835585923901,
    0.4492926748254551
  ],
  "rand_layers": [
    [
      3,
      11
    ],
    [
      3,
      6
    ],
    [
      11,
      13
    ],
    [
      0,
      2
    ],
    [
      0,
      4
    ],
    [
      4,
      7
    ],
    [
      12,
      15
    ],
    [
      0,
      15
    ],
    [
      8,
      10
    ],
    [
      7,
      14
    ]
  ],
  "rand_avg": 0.5049575600279064,
  "robustness": {
    "mild": {
      "faith": 0.6152372115932595,
      "clean": 5.3857421875,
      "corrupt": -5.146484375,
      "patched": 1.3333333333333333
    },
    "strong": {
      "faith": 0.5719752453714287,
      "clean": 5.3857421875,
      "corrupt": -5.502604166666667,
      "patched": 0.7252604166666666
    }
  },
  "disc_time": 271.4246881008148
}