{
  "seed": 13,
  "circuit": [
    0,
    8
  ],
  "scores": [
    9.945320723112673,
    0.0238081649877131,
    3.4047380989262215,
    2.699407995096408,
    1.2602718444541097,
    7.1773523410859825,
    0.5888770829575757,
    3.084891306158776,
    12.890629906517765,
    4.2276586561153335,
    -3.8166835367058716,
    4.592318459103505,
    -2.535470127593726,
    0.922206016878287,
    4.676485300064087,
    -4.307478164633115
  ],
  "clean": 5.916341145833333,
  "corrupt": -5.0390625,
  "patched": 4.981770833333333,
  "faith": 0.9146932096835722,
  "rand_faiths": [
    0.4984103397619621,
    1.0890506601261138,
    0.07645223585355485,
    0.3339176939456856,
    0.28578220149222316,
    0.08700044561959133,
    0.04085574205154987,
    0.08700044561959133,
    0.0576437378763686,
    0.9146932096835722
  ],
  "rand_layers": [
    [
      8,
      15
    ],
    [
      9,
      14
    ],
    [
      7,
      12
    ],
    [
      7,
      11
    ],
    [
      8,
      12
    ],
    [
      2,
      3
    ],
    [
      1,
      12
    ],
    [
      2,
      3
    ],
    [
      3,
      4
    ],
    [
      0,
      8
    ]
  ],
  "rand_avg": 0.3470806712030213,
  "robustness": {
    "mild": {
      "faith": 0.9207296940116768,
      "clean": 5.667643229166667,
      "corrupt": -5.181640625,
      "patched": 4.8076171875
    },
    "strong": {
      "faith": 0.9507944027386647,
      "clean": 5.667643229166667,
      "corrupt": -5.314127604166667,
      "patched": 5.127278645833333
    }
  },
  "disc_time": 237.98430585861206
}