{
  "seed": 23,
  "circuit": [
    0,
    8
  ],
  "scores": [
    12.57886497490108,
    1.1736915238046397,
    0.4096150273301949,
    -0.7748951727213959,
    3.1135976548539475,
    4.390191240236163,
    1.2469416409730911,
    5.161670992383733,
    10.833018578278521,
    9.934702140589556,
    -1.1461750852564971,
    1.8457856501142185,
    -2.453014080102245,
    -6.447531609718378,
    2.318940818309784,
    5.512202754616737
  ],
  "clean": 5.379557291666667,
  "corrupt": -5.266276041666667,
  "patched": 4.573893229166667,
  "faith": 0.9243211830847863,
  "rand_faiths": [
    0.21725171212469505,
    0.36362524427682946,
    0.4118456454057027,
    0.6648727978099042,
    0.6282411931476403,
    0.32436399186752496,
    0.07525073378450034,
    0.12597847346287736,
    -0.04812866923072056,
    0.504953522030572
  ],
  "rand_layers": [
    [
      5,
      15
    ],
    [
      11,
      13
    ],
    [
      5,
      8
    ],
    [
      8,
      14
    ],
    [
      6,
      9
    ],
    [
      8,
      12
    ],
    [
      4,
      7
    ],
    [
      3,
      5
    ],
    [
      2,
      6
    ],
    [
      8,
      15
    ]
  ],
  "rand_avg": 0.3268254644679526,
  "robustness": {
    "mild": {
      "faith": 0.9272698453973781,
      "clean": 5.333333333333333,
      "corrupt": -4.9384765625,
      "patched": 4.586263020833333
    },
    "strong": {
      "faith": 0.9642375793881405,
      "clean": 5.333333333333333,
      "corrupt": -5.052408854166667,
      "patched": 4.9619140625
    }
  },
  "disc_time": 297.1492419242859
}